id,title,description,price,url,image_url,condition,year,make,model,trim,body_style,mileage,exterior_color,interior_color,engine,transmission,drivetrain,fuel_type,mpg_city,mpg_highway,vin,stock_number,features,certified,msrp
2024-toyota-camry-se-001,New 2024 Toyota Camry SE,This stunning 2024 Toyota Camry SE comes equipped with a host of modern safety and convenience features. The 2.5L engine delivers an excellent balance of power and fuel efficiency. Perfect for daily commuting or weekend road trips.,29488,https://trynobi-website-orpin.vercel.app/inventory/2024-toyota-camry-se-001,https://trynobi-website-orpin.vercel.app/vehicles/2024-toyota-camry-se-001.jpg,New,2024,Toyota,Camry,SE,Sedan,37,Celestial Silver Metallic,Black,2.5L 4-Cylinder,8-Speed Automatic,FWD,Gasoline,28,39,4T1BF1FK5EU123456,T24-0156,Apple CarPlay; Android Auto; Blind Spot Monitor; Lane Departure Warning; Adaptive Cruise Control,False,30715
2024-toyota-rav4-xle-002,New 2024 Toyota RAV4 XLE,The 2024 Toyota RAV4 XLE with AWD is ready for anything Austin throws at it. Loaded with Toyota Safety Sense 2.5+ and a power sunroof for those beautiful Texas evenings. Spacious cargo area and excellent fuel economy make this the ideal family SUV.,32770,https://trynobi-website-orpin.vercel.app/inventory/2024-toyota-rav4-xle-002,https://trynobi-website-orpin.vercel.app/vehicles/2024-toyota-rav4-xle-002.jpg,New,2024,Toyota,RAV4,XLE,SUV,23,Blueprint,Black,2.5L 4-Cylinder,8-Speed Automatic,AWD,Gasoline,27,35,2T3P1RFV0RC456789,T24-0201,Toyota Safety Sense 2.5+; Sunroof; Wireless Charging; Blind Spot Monitor; Rear Cross-Traffic Alert; Dual-Zone Climate Control,False,33899
2025-toyota-tacoma-sr5-003,New 2025 Toyota Tacoma SR5,The all-new 2025 Toyota Tacoma SR5 features the next-generation 2.4L turbo engine with more power and better efficiency than ever before. Trail-ready with Multi-Terrain Select and a rugged composite bed. A perfect truck for Hill Country adventures.,35915,https://trynobi-website-orpin.vercel.app/inventory/2025-toyota-tacoma-sr5-003,https://trynobi-website-orpin.vercel.app/vehicles/2025-toyota-tacoma-sr5-003.jpg,New,2025,Toyota,Tacoma,SR5,Truck,14,Ice Cap,Cement,2.4L Turbo 4-Cylinder,8-Speed Automatic,4WD,Gasoline,21,29,5TFSA5BN1RX234567,T25-0078,8-Inch Touchscreen; Apple CarPlay; Android Auto; Multi-Terrain Select; Pre-Collision System; LED Headlights; Composite Bed,False,37144
2024-honda-civic-sport-004,New 2024 Honda Civic Sport,The 2024 Honda Civic Sport turns heads in Rallye Red with its aggressive styling and 18-inch alloy wheels. Honda Sensing comes standard for peace of mind on I-35. Exceptional fuel economy and a fun-to-drive character make this a top pick.,27650,https://trynobi-website-orpin.vercel.app/inventory/2024-honda-civic-sport-004,https://trynobi-website-orpin.vercel.app/vehicles/2024-honda-civic-sport-004.jpg,New,2024,Honda,Civic,Sport,Sedan,41,Rallye Red,Black,2.0L 4-Cylinder,CVT,FWD,Gasoline,31,40,2HGFE2F53RH345678,H24-0112,Honda Sensing Suite; Apple CarPlay; Android Auto; Sport Pedals; 18-Inch Alloy Wheels; LED Headlights,False,29044
2024-honda-cr-v-exl-005,New 2024 Honda CR-V EX-L,"This 2024 Honda CR-V EX-L in Platinum White Pearl is the complete package with leather seats, a power liftgate, and a panoramic sunroof. AWD capability pairs with a fuel-efficient turbo engine for confident driving in any condition. Room for the whole family and then some.",37344,https://trynobi-website-orpin.vercel.app/inventory/2024-honda-cr-v-exl-005,https://trynobi-website-orpin.vercel.app/vehicles/2024-honda-cr-v-exl-005.jpg,New,2024,Honda,CR-V,EX-L,SUV,29,Platinum White Pearl,Black Leather,1.5L Turbo 4-Cylinder,CVT,AWD,Gasoline,28,34,7FARS6H72RE456789,H24-0189,Leather Seats; Power Liftgate; Sunroof; Wireless Apple CarPlay; Honda Sensing; Heated Front Seats; Dual-Zone Climate Control,False,38688
2025-honda-accord-sport-006,New 2025 Honda Accord Sport,The 2025 Honda Accord Sport features a striking Canyon River Blue finish and a massive 12-inch touchscreen with Google Built-In. Honda Sensing 360 offers comprehensive safety coverage. A refined and athletic sedan that excels on Texas highways.,31715,https://trynobi-website-orpin.vercel.app/inventory/2025-honda-accord-sport-006,https://trynobi-website-orpin.vercel.app/vehicles/2025-honda-accord-sport-006.jpg,New,2025,Honda,Accord,Sport,Sedan,19,Canyon River Blue Metallic,Black,1.5L Turbo 4-Cylinder,CVT,FWD,Gasoline,29,37,1HGCY2F34RA567890,H25-0043,12-Inch Touchscreen; Wireless Apple CarPlay; Android Auto; Honda Sensing 360; 19-Inch Alloy Wheels; Adaptive Cruise Control; Sport Seats,False,32988
2024-ford-f150-xlt-007,New 2024 Ford F-150 XLT,This 2024 Ford F-150 XLT is a true Texas truck with 4WD and the proven 2.7L EcoBoost engine delivering 325 horsepower. The Pro Trailer Backup Assist makes towing a breeze. Loaded with Co-Pilot360 safety technology and ready to work.,47215,https://trynobi-website-orpin.vercel.app/inventory/2024-ford-f150-xlt-007,https://trynobi-website-orpin.vercel.app/vehicles/2024-ford-f150-xlt-007.jpg,New,2024,Ford,F-150,XLT,Truck,43,Iconic Silver Metallic,Medium Dark Slate,2.7L EcoBoost V6,10-Speed Automatic,4WD,Gasoline,20,26,1FTEW1EP5RFA12345,F24-0267,SYNC 4; Ford Co-Pilot360; Pro Trailer Backup Assist; LED Headlamps; Tailgate Step; 360-Degree Camera; FordPass Connect,False,48899
2024-ford-bronco-sport-bigbend-008,New 2024 Ford Bronco Sport Big Bend,The 2024 Ford Bronco Sport Big Bend in Area 51 is adventure-ready with standard AWD and Trail Control. The rugged MOLLE strap system and rubberized cargo floor handle all your gear. A compact SUV that is equally at home on Barton Creek trails or South Congress.,33144,https://trynobi-website-orpin.vercel.app/inventory/2024-ford-bronco-sport-bigbend-008,https://trynobi-website-orpin.vercel.app/vehicles/2024-ford-bronco-sport-bigbend-008.jpg,New,2024,Ford,Bronco Sport,Big Bend,SUV,31,Area 51,Ebony,1.5L EcoBoost 3-Cylinder,8-Speed Automatic,AWD,Gasoline,25,28,3FMCR9B67RRD56789,F24-0301,SYNC 3; Ford Co-Pilot360; MOLLE Strap Cargo Management; Rubberized Cargo Floor; Trail Control; Apple CarPlay; Android Auto,False,34388
2024-ford-escape-st-line-009,New 2024 Ford Escape ST-Line,This 2024 Ford Escape ST-Line combines sporty styling with everyday practicality. The 13.2-inch touchscreen and B&O sound system elevate the cabin experience. All-wheel drive and Co-Pilot360 Assist+ deliver confident driving in all conditions.,34770,https://trynobi-website-orpin.vercel.app/inventory/2024-ford-escape-st-line-009,https://trynobi-website-orpin.vercel.app/vehicles/2024-ford-escape-st-line-009.jpg,New,2024,Ford,Escape,ST-Line,SUV,26,Vapor Blue Metallic,Ebony,1.5L EcoBoost 3-Cylinder,8-Speed Automatic,AWD,Gasoline,27,33,1FMCU9HZ5RUA67890,F24-0334,13.2-Inch Touchscreen; Ford Co-Pilot360 Assist+; Wireless Apple CarPlay; B&O Sound System; Sport Appearance Package; Heated Front Seats,False,36044
2025-ford-mustang-ecoboost-010,New 2025 Ford Mustang EcoBoost,Turn heads in this Race Red 2025 Ford Mustang EcoBoost with 315 horsepower from its turbocharged engine. The 10-speed automatic and selectable drive modes deliver thrills on demand. Modern tech meets muscle car heritage in this iconic coupe.,33899,https://trynobi-website-orpin.vercel.app/inventory/2025-ford-mustang-ecoboost-010,https://trynobi-website-orpin.vercel.app/vehicles/2025-ford-mustang-ecoboost-010.jpg,New,2025,Ford,Mustang,EcoBoost,Coupe,18,Race Red,Ebony,2.3L EcoBoost 4-Cylinder,10-Speed Automatic,RWD,Gasoline,22,33,1FA6P8TH0R5234567,F25-0055,12-Inch Digital Cluster; 13.2-Inch Touchscreen; SYNC 4; Remote Start; Selectable Drive Modes; Active Exhaust,False,34650
2024-chevrolet-equinox-rs-011,New 2024 Chevrolet Equinox RS,The 2024 Chevrolet Equinox RS blends sporty aesthetics with family-friendly capability. The RS trim adds blacked-out accents and a sport appearance package. Chevy Safety Assist with automatic emergency braking comes standard for added confidence.,33688,https://trynobi-website-orpin.vercel.app/inventory/2024-chevrolet-equinox-rs-011,https://trynobi-website-orpin.vercel.app/vehicles/2024-chevrolet-equinox-rs-011.jpg,New,2024,Chevrolet,Equinox,RS,SUV,38,Sterling Gray Metallic,Jet Black,1.5L Turbo 4-Cylinder,6-Speed Automatic,AWD,Gasoline,26,31,2GNAXUEV8R6345678,C24-0198,Chevy Safety Assist; 11.3-Inch Touchscreen; Wireless Apple CarPlay; Android Auto; Heated Front Seats; Power Liftgate; Sport Appearance,False,34815
2024-chevrolet-silverado-1500-lt-012,New 2024 Chevrolet Silverado 1500 LT,"This 2024 Chevrolet Silverado 1500 LT packs a powerful 5.3L V8 with 4WD for serious capability. The crew cab and 13.4-inch touchscreen keep your crew comfortable and connected. Built to tow, haul, and handle whatever the job demands.",49770,https://trynobi-website-orpin.vercel.app/inventory/2024-chevrolet-silverado-1500-lt-012,https://trynobi-website-orpin.vercel.app/vehicles/2024-chevrolet-silverado-1500-lt-012.jpg,New,2024,Chevrolet,Silverado 1500,LT,Truck,47,Summit White,Jet Black,5.3L V8,8-Speed Automatic,4WD,Gasoline,16,22,3GCUYDED6RG456789,C24-0245,13.4-Inch Touchscreen; Chevy Safety Assist; Trailering Package; Remote Start; LED Headlamps; Apple CarPlay; Android Auto; Bedliner,False,51215
2025-chevrolet-trax-activ-013,New 2025 Chevrolet Trax ACTIV,The 2025 Chevrolet Trax ACTIV offers big style in a compact package with the trendy Cacti Green finish. An 11-inch touchscreen and wireless Apple CarPlay keep you connected. Outstanding value with a surprisingly spacious interior for its class.,24488,https://trynobi-website-orpin.vercel.app/inventory/2025-chevrolet-trax-activ-013,https://trynobi-website-orpin.vercel.app/vehicles/2025-chevrolet-trax-activ-013.jpg,New,2025,Chevrolet,Trax,ACTIV,SUV,11,Cacti Green,Jet Black,1.2L Turbo 3-Cylinder,6-Speed Automatic,FWD,Gasoline,28,32,KL77LDE27RC567890,C25-0019,11-Inch Touchscreen; Wireless Apple CarPlay; Android Auto; Chevy Safety Assist; Roof Rails; ACTIV Styling Package,False,25344
2024-hyundai-tucson-sel-014,New 2024 Hyundai Tucson SEL,The 2024 Hyundai Tucson SEL offers bold styling and Hyundai SmartSense safety technology in a well-priced AWD SUV. The 2.5-liter engine provides ample power for highway merging. Backed by Hyundai's industry-leading warranty for total peace of mind.,31744,https://trynobi-website-orpin.vercel.app/inventory/2024-hyundai-tucson-sel-014,https://trynobi-website-orpin.vercel.app/vehicles/2024-hyundai-tucson-sel-014.jpg,New,2024,Hyundai,Tucson,SEL,SUV,33,Phantom Black,Gray,2.5L 4-Cylinder,8-Speed Automatic,AWD,Gasoline,26,33,5NMJFDAF3RH678901,H24-0167,8-Inch Touchscreen; Blind-Spot Collision-Avoidance; Rear Cross-Traffic Alert; Apple CarPlay; Android Auto; SmartSense Safety Suite,False,33015
2024-hyundai-elantra-sel-015,New 2024 Hyundai Elantra SEL,This 2024 Hyundai Elantra SEL in Intense Blue delivers class-leading fuel economy and a striking design. The 10.25-inch touchscreen provides a premium feel in an affordable sedan. An excellent value with Hyundai's comprehensive warranty coverage.,25215,https://trynobi-website-orpin.vercel.app/inventory/2024-hyundai-elantra-sel-015,https://trynobi-website-orpin.vercel.app/vehicles/2024-hyundai-elantra-sel-015.jpg,New,2024,Hyundai,Elantra,SEL,Sedan,36,Intense Blue,Gray,2.0L 4-Cylinder,CVT,FWD,Gasoline,31,41,5NPC34AF3RH789012,H24-0203,10.25-Inch Touchscreen; Wireless Apple CarPlay; Android Auto; Forward Collision-Avoidance; Lane Keeping Assist; Blind-Spot Monitor,False,26044
2025-hyundai-santa-fe-limited-016,New 2025 Hyundai Santa Fe Limited,"The redesigned 2025 Hyundai Santa Fe Limited is a showstopper in Palisade Green with a boxy, modern design. Dual 12.3-inch screens and Nappa leather create a luxurious cabin. The 2.5-liter turbo and HTRAC AWD system deliver 277 horsepower to all four wheels.",44899,https://trynobi-website-orpin.vercel.app/inventory/2025-hyundai-santa-fe-limited-016,https://trynobi-website-orpin.vercel.app/vehicles/2025-hyundai-santa-fe-limited-016.jpg,New,2025,Hyundai,Santa Fe,Limited,SUV,17,Palisade Green,Dark Beige Leather,2.5L Turbo 4-Cylinder,8-Speed DCT,AWD,Gasoline,22,28,5NMS5DAL3RH890123,H25-0022,12.3-Inch Dual Screens; Nappa Leather; Panoramic Sunroof; Surround-View Camera; Highway Driving Assist 2; Harman Kardon Audio; Heated & Ventilated Seats,False,46315
2024-toyota-corolla-le-017,New 2024 Toyota Corolla LE,"The 2024 Toyota Corolla LE is the definition of reliable and efficient transportation. Toyota Safety Sense 3.0 comes standard with pre-collision braking and lane tracing assist. An unbeatable combination of value, efficiency, and legendary Toyota reliability.",23344,https://trynobi-website-orpin.vercel.app/inventory/2024-toyota-corolla-le-017,https://trynobi-website-orpin.vercel.app/vehicles/2024-toyota-corolla-le-017.jpg,New,2024,Toyota,Corolla,LE,Sedan,42,Classic Silver Metallic,Light Gray,2.0L 4-Cylinder,CVT,FWD,Gasoline,31,40,JTDEPRAE4RJ901234,T24-0289,Toyota Safety Sense 3.0; 8-Inch Touchscreen; Apple CarPlay; Android Auto; LED Headlights,False,23899
2024-ford-explorer-xlt-018,New 2024 Ford Explorer XLT,The 2024 Ford Explorer XLT offers three rows of seating and the potent 2.3L EcoBoost engine for the growing family. Ford Co-Pilot360 provides a comprehensive suite of driver-assist features. Elegant Star White finish with a premium Sandstone interior.,42488,https://trynobi-website-orpin.vercel.app/inventory/2024-ford-explorer-xlt-018,https://trynobi-website-orpin.vercel.app/vehicles/2024-ford-explorer-xlt-018.jpg,New,2024,Ford,Explorer,XLT,SUV,52,Star White Metallic Tri-Coat,Sandstone,2.3L EcoBoost 4-Cylinder,10-Speed Automatic,RWD,Gasoline,22,29,1FMSK8DH2RGA23456,F24-0378,SYNC 4; 8-Inch Touchscreen; Ford Co-Pilot360; Third-Row Seating; Wireless Charging; Apple CarPlay; Android Auto,False,43815
2025-chevrolet-traverse-lt-019,New 2025 Chevrolet Traverse LT,The all-new 2025 Chevrolet Traverse LT delivers a refined three-row experience with a turbocharged engine and sharp new styling. The spacious cabin seats up to eight passengers comfortably. AWD and advanced safety tech keep the whole family secure.,40215,https://trynobi-website-orpin.vercel.app/inventory/2025-chevrolet-traverse-lt-019,https://trynobi-website-orpin.vercel.app/vehicles/2025-chevrolet-traverse-lt-019.jpg,New,2025,Chevrolet,Traverse,LT,SUV,21,Lakeshore Blue Metallic,Jet Black,2.5L Turbo 4-Cylinder,8-Speed Automatic,AWD,Gasoline,23,29,1GNEVHKL0RS345678,C25-0031,11.3-Inch Touchscreen; Chevy Safety Assist; Wireless Apple CarPlay; Third-Row Seating; Power Liftgate; Heated Front Seats; Adaptive Cruise Control,False,41650
2024-hyundai-sonata-sel-020,New 2024 Hyundai Sonata SEL,The 2024 Hyundai Sonata SEL offers midsize comfort with a sleek design and a generous list of standard features. The 2.5-liter engine is smooth and efficient for long highway cruises. Hyundai SmartSense comes standard with forward collision avoidance and lane keeping.,29650,https://trynobi-website-orpin.vercel.app/inventory/2024-hyundai-sonata-sel-020,https://trynobi-website-orpin.vercel.app/vehicles/2024-hyundai-sonata-sel-020.jpg,New,2024,Hyundai,Sonata,SEL,Sedan,28,Shimmering Silver Pearl,Black,2.5L 4-Cylinder,8-Speed Automatic,FWD,Gasoline,28,38,5NPC34AJ7RH012345,H24-0256,10.25-Inch Touchscreen; Wireless Apple CarPlay; Android Auto; SmartSense Safety Suite; LED Headlights; Heated Front Seats,False,30788
2021-bmw-330i-sport-021,Used 2021 BMW 330i Sport,This 2021 BMW 330i Sport in Alpine White is a driver's dream with the M Sport suspension and responsive 2.0-liter turbo engine. Well-maintained with complete service records. A premium sport sedan at an outstanding pre-owned value.,30215,https://trynobi-website-orpin.vercel.app/inventory/2021-bmw-330i-sport-021,https://trynobi-website-orpin.vercel.app/vehicles/2021-bmw-330i-sport-021.jpg,Used,2021,BMW,330i,Sport,Sedan,41873,Alpine White,Black SensaTec,2.0L Turbo 4-Cylinder,8-Speed Automatic,RWD,Gasoline,26,36,3MW5R1J05M8B12345,B21-0401,iDrive 7.0; 10.25-Inch Touchscreen; M Sport Suspension; LED Headlights; Ambient Lighting; Sport Seats,False,30215
2020-mercedes-glc300-4matic-022,Used 2020 Mercedes-Benz GLC 300 4MATIC,This 2020 Mercedes-Benz GLC 300 4MATIC in Obsidian Black delivers luxury SUV refinement with all-wheel drive confidence. The Silk Beige interior and Burmester audio create a first-class cabin experience. A premium pre-owned opportunity at a great price.,31744,https://trynobi-website-orpin.vercel.app/inventory/2020-mercedes-glc300-4matic-022,https://trynobi-website-orpin.vercel.app/vehicles/2020-mercedes-glc300-4matic-022.jpg,Used,2020,Mercedes-Benz,GLC 300,4MATIC,SUV,54817,Obsidian Black Metallic,Silk Beige,2.0L Turbo 4-Cylinder,9-Speed Automatic,AWD,Gasoline,22,28,W1N0J8DB2LF234567,M20-0412,MBUX Infotainment; 10.25-Inch Display; Panoramic Sunroof; Power Liftgate; Heated Front Seats; Smartphone Integration; Burmester Audio,False,31744
2022-lexus-rx350-premium-023,Used 2022 Lexus RX 350 Premium,This 2022 Lexus RX 350 Premium in Nebula Gray Pearl with Parchment leather defines understated luxury. Low mileage with Mark Levinson premium audio and a panoramic moonroof. Lexus reliability and refinement at a pre-owned price point.,39488,https://trynobi-website-orpin.vercel.app/inventory/2022-lexus-rx350-premium-023,https://trynobi-website-orpin.vercel.app/vehicles/2022-lexus-rx350-premium-023.jpg,Used,2022,Lexus,RX 350,Premium,SUV,28413,Nebula Gray Pearl,Parchment Leather,3.5L V6,8-Speed Automatic,FWD,Gasoline,20,27,2T2HZMDA5NC345678,L22-0423,12.3-Inch Touchscreen; Lexus Safety System+ 2.5; Mark Levinson Audio; Panoramic Moonroof; Heated & Ventilated Seats; Head-Up Display,False,39488
2021-jeep-wrangler-sahara-024,Used 2021 Jeep Wrangler Unlimited Sahara,This 2021 Jeep Wrangler Unlimited Sahara in Sarge Green is ready for both off-road adventures and daily driving. The 4-door design seats five comfortably with the Freedom Top hardtop. Trail-rated 4WD capability meets modern comfort and technology.,37899,https://trynobi-website-orpin.vercel.app/inventory/2021-jeep-wrangler-sahara-024,https://trynobi-website-orpin.vercel.app/vehicles/2021-jeep-wrangler-sahara-024.jpg,Used,2021,Jeep,Wrangler Unlimited,Sahara,SUV,39241,Sarge Green,Black,2.0L Turbo 4-Cylinder,8-Speed Automatic,4WD,Gasoline,22,24,1C4HJXEN2MW456789,J21-0434,Uconnect 8.4-Inch; Apple CarPlay; Android Auto; Freedom Top Hardtop; LED Lighting Group; Body-Color Fender Flares; Heated Steering Wheel,False,37899
2019-subaru-outback-limited-025,Used 2019 Subaru Outback Limited,This 2019 Subaru Outback Limited with standard AWD and EyeSight safety technology is the perfect all-weather companion. Warm Ivory leather and a power sunroof add a touch of luxury. A versatile wagon that handles any road or weather condition with ease.,22344,https://trynobi-website-orpin.vercel.app/inventory/2019-subaru-outback-limited-025,https://trynobi-website-orpin.vercel.app/vehicles/2019-subaru-outback-limited-025.jpg,Used,2019,Subaru,Outback,Limited,SUV,61847,Crimson Red Pearl,Warm Ivory Leather,2.5L Flat-4,CVT,AWD,Gasoline,25,32,4S4BSANC1K3567890,S19-0445,EyeSight Driver Assist; 8-Inch Touchscreen; Leather Seats; Sunroof; Heated Front Seats; Apple CarPlay; Power Liftgate,False,22344
2022-mazda-cx5-preferred-026,Used 2022 Mazda CX-5 Preferred,This 2022 Mazda CX-5 Preferred in Soul Red Crystal Metallic offers a premium driving experience that rivals luxury brands. AWD provides all-season confidence and the 2.5-liter engine is responsive and refined. A beautifully designed crossover at an affordable price.,26715,https://trynobi-website-orpin.vercel.app/inventory/2022-mazda-cx5-preferred-026,https://trynobi-website-orpin.vercel.app/vehicles/2022-mazda-cx5-preferred-026.jpg,Used,2022,Mazda,CX-5,Preferred,SUV,31472,Soul Red Crystal Metallic,Black Leatherette,2.5L 4-Cylinder,6-Speed Automatic,AWD,Gasoline,24,30,JM3KFBDM5N0678901,M22-0456,10.25-Inch Display; Apple CarPlay; Android Auto; Heated Front Seats; Power Liftgate; i-Activsense Safety,False,26715
2020-kia-telluride-sx-027,Used 2020 Kia Telluride SX,This 2020 Kia Telluride SX is the award-winning three-row SUV that took the industry by storm. Butterscotch Nappa leather and Harman Kardon audio create a truly premium cabin. The 3.8L V6 with AWD handles carpool duty and road trips with equal aplomb.,34650,https://trynobi-website-orpin.vercel.app/inventory/2020-kia-telluride-sx-027,https://trynobi-website-orpin.vercel.app/vehicles/2020-kia-telluride-sx-027.jpg,Used,2020,Kia,Telluride,SX,SUV,48319,Everlasting Silver,Butterscotch Nappa Leather,3.8L V6,8-Speed Automatic,AWD,Gasoline,19,24,5XYP5DHC1LG789012,K20-0467,10.25-Inch Touchscreen; Nappa Leather; Harman Kardon Audio; Surround-View Camera; Heated & Ventilated Seats; Third-Row Seating; Highway Driving Assist,False,34650
2021-toyota-highlander-xle-028,Used 2021 Toyota Highlander XLE,This 2021 Toyota Highlander XLE with AWD is the gold standard for three-row family SUVs. Heated leather seats and a panoramic sunroof make every ride comfortable. Toyota Safety Sense 2.5 and legendary reliability give you total confidence.,33715,https://trynobi-website-orpin.vercel.app/inventory/2021-toyota-highlander-xle-028,https://trynobi-website-orpin.vercel.app/vehicles/2021-toyota-highlander-xle-028.jpg,Used,2021,Toyota,Highlander,XLE,SUV,42183,Magnetic Gray Metallic,Graphite,3.5L V6,8-Speed Automatic,AWD,Gasoline,21,29,5TDGZRAH3MS890123,T21-0478,12.3-Inch Touchscreen; Toyota Safety Sense 2.5; Sunroof; Heated Leather Seats; Apple CarPlay; Android Auto; Power Liftgate,False,33715
2019-honda-pilot-exl-029,Used 2019 Honda Pilot EX-L,This 2019 Honda Pilot EX-L seats up to eight in leather-trimmed comfort with a power sunroof. The proven 3.5L V6 delivers 280 horsepower for confident merging and towing. Honda Sensing suite provides adaptive cruise control and collision mitigation.,26770,https://trynobi-website-orpin.vercel.app/inventory/2019-honda-pilot-exl-029,https://trynobi-website-orpin.vercel.app/vehicles/2019-honda-pilot-exl-029.jpg,Used,2019,Honda,Pilot,EX-L,SUV,57934,Obsidian Blue Pearl,Gray Leather,3.5L V6,6-Speed Automatic,FWD,Gasoline,20,27,5FNYF6H53KB901234,H19-0489,8-Inch Touchscreen; Apple CarPlay; Honda Sensing; Leather Seats; Sunroof; Power Liftgate; Heated Front Seats,False,26770
2022-ford-maverick-xlt-030,Used 2022 Ford Maverick XLT,This 2022 Ford Maverick XLT with the 2.0L EcoBoost and AWD is the compact truck that started a revolution. The FX4 Off-Road Package adds capability for Hill Country trails. Low mileage and the perfect size for city driving and weekend adventures.,28344,https://trynobi-website-orpin.vercel.app/inventory/2022-ford-maverick-xlt-030,https://trynobi-website-orpin.vercel.app/vehicles/2022-ford-maverick-xlt-030.jpg,Used,2022,Ford,Maverick,XLT,Truck,24731,Alto Blue Metallic,Medium Dark Slate,2.0L EcoBoost 4-Cylinder,8-Speed Automatic,AWD,Gasoline,23,29,3FTTW8E38NRA12345,F22-0490,8-Inch Touchscreen; SYNC 3; Ford Co-Pilot360; Apple CarPlay; Android Auto; FX4 Off-Road Package,False,28344
2018-jeep-grand-cherokee-limited-031,Used 2018 Jeep Grand Cherokee Limited,This 2018 Jeep Grand Cherokee Limited in Billet Silver combines luxury with legendary 4WD capability. Leather seats and heated front seats keep you comfortable year-round. Selec-Terrain lets you optimize performance for any driving surface.,23650,https://trynobi-website-orpin.vercel.app/inventory/2018-jeep-grand-cherokee-limited-031,https://trynobi-website-orpin.vercel.app/vehicles/2018-jeep-grand-cherokee-limited-031.jpg,Used,2018,Jeep,Grand Cherokee,Limited,SUV,71843,Billet Silver Metallic,Black Leather,3.6L V6,8-Speed Automatic,4WD,Gasoline,18,25,1C4RJFBG0JC234567,J18-0501,Uconnect 8.4-Inch; Apple CarPlay; Leather Seats; Heated Front Seats; Power Liftgate; Selec-Terrain,False,23650
2023-mazda-3-premium-032,Used 2023 Mazda Mazda3 Premium,This 2023 Mazda3 Premium in Machine Gray Metallic with red leather is a near-new sedan that drives like a European sport sedan. The Bose audio system and head-up display add a premium feel. AWD provides year-round traction and confidence.,25899,https://trynobi-website-orpin.vercel.app/inventory/2023-mazda-3-premium-032,https://trynobi-website-orpin.vercel.app/vehicles/2023-mazda-3-premium-032.jpg,Used,2023,Mazda,Mazda3,Premium,Sedan,18637,Machine Gray Metallic,Red Leather,2.5L 4-Cylinder,6-Speed Automatic,AWD,Gasoline,25,33,3MZBPAEM0PM345678,M23-0512,8.8-Inch Display; Bose Audio; Leather Seats; Heated Front Seats; Head-Up Display; Adaptive Cruise Control,False,25899
2020-chevrolet-colorado-z71-033,Used 2020 Chevrolet Colorado Z71,This 2020 Chevrolet Colorado Z71 is a mid-size truck with full-size attitude. The Z71 off-road suspension and 4WD make it trail-ready right out of the gate. The 3.6L V6 delivers 308 horsepower for towing and hauling when you need it.,28770,https://trynobi-website-orpin.vercel.app/inventory/2020-chevrolet-colorado-z71-033,https://trynobi-website-orpin.vercel.app/vehicles/2020-chevrolet-colorado-z71-033.jpg,Used,2020,Chevrolet,Colorado,Z71,Truck,50214,Shadow Gray Metallic,Jet Black,3.6L V6,8-Speed Automatic,4WD,Gasoline,17,24,1GCGTDEN7L1456789,C20-0523,8-Inch Touchscreen; Apple CarPlay; Android Auto; Off-Road Suspension; Trailering Package; Bedliner,False,28770
2021-kia-k5-gt-line-034,Used 2021 Kia K5 GT-Line,This 2021 Kia K5 GT-Line in Wolf Gray is a head-turning midsize sedan with aggressive fastback styling. The turbocharged engine and 8-speed automatic deliver a spirited driving experience. Outstanding value with premium tech and safety features.,24488,https://trynobi-website-orpin.vercel.app/inventory/2021-kia-k5-gt-line-034,https://trynobi-website-orpin.vercel.app/vehicles/2021-kia-k5-gt-line-034.jpg,Used,2021,Kia,K5,GT-Line,Sedan,35219,Wolf Gray,Black,1.6L Turbo 4-Cylinder,8-Speed Automatic,FWD,Gasoline,29,38,5XXG34J27MG567890,K21-0534,10.25-Inch Touchscreen; Apple CarPlay; Android Auto; Drive Mode Select; Blind-Spot Monitor; 18-Inch Alloy Wheels,False,24488
2019-toyota-4runner-sr5-035,Used 2019 Toyota 4Runner SR5,This 2019 Toyota 4Runner SR5 is a body-on-frame SUV built for serious off-road capability. The proven 4.0L V6 and 4WD system are virtually indestructible. Multi-Terrain Select and Crawl Control make it the ultimate Hill Country explorer.,33344,https://trynobi-website-orpin.vercel.app/inventory/2019-toyota-4runner-sr5-035,https://trynobi-website-orpin.vercel.app/vehicles/2019-toyota-4runner-sr5-035.jpg,Used,2019,Toyota,4Runner,SR5,SUV,53871,Midnight Black Metallic,Black,4.0L V6,5-Speed Automatic,4WD,Gasoline,17,21,JTEBU5JR1K5678901,T19-0545,Entune Touchscreen; Apple CarPlay; Crawl Control; Multi-Terrain Select; Kinetic Dynamic Suspension; Roof Rack; Tow Hitch,False,33344
2022-subaru-wrx-premium-036,Used 2022 Subaru WRX Premium,This 2022 Subaru WRX Premium in iconic WR Blue Pearl is a rally-bred sport sedan with a 6-speed manual transmission. The 2.4-liter turbo flat-four produces 271 horsepower sent to all four wheels. A true enthusiast car with modern daily-driver amenities.,29650,https://trynobi-website-orpin.vercel.app/inventory/2022-subaru-wrx-premium-036,https://trynobi-website-orpin.vercel.app/vehicles/2022-subaru-wrx-premium-036.jpg,Used,2022,Subaru,WRX,Premium,Sedan,23147,WR Blue Pearl,Black,2.4L Turbo Flat-4,6-Speed Manual,AWD,Gasoline,19,26,JF1VBAC64N9789012,S22-0556,11.6-Inch Touchscreen; Apple CarPlay; Recaro Seats; EyeSight Driver Assist; SI-DRIVE; LED Headlights,False,29650
2021-mercedes-c300-sport-037,Used 2021 Mercedes-Benz C 300 Sport,This 2021 Mercedes-Benz C 300 Sport in Polar White with Macchiato Beige interior exudes understated luxury. The AMG Line exterior adds aggressive styling cues and the Burmester audio system delivers concert-quality sound. A premium sedan at a pre-owned price.,32215,https://trynobi-website-orpin.vercel.app/inventory/2021-mercedes-c300-sport-037,https://trynobi-website-orpin.vercel.app/vehicles/2021-mercedes-c300-sport-037.jpg,Used,2021,Mercedes-Benz,C 300,Sport,Sedan,37142,Polar White,Macchiato Beige,2.0L Turbo 4-Cylinder,9-Speed Automatic,RWD,Gasoline,23,33,W1KWF8DB5MR890123,M21-0567,MBUX Infotainment; 10.25-Inch Display; AMG Line Exterior; Panoramic Sunroof; Burmester Audio; Heated Front Seats,False,32215
2020-honda-accord-sport-038,Used 2020 Honda Accord Sport 2.0T,This 2020 Honda Accord Sport 2.0T packs a turbocharged punch with 252 horsepower and a 10-speed automatic. The Sport trim adds 19-inch wheels and dual exhaust for a sporty presence. Honda Sensing safety suite provides comprehensive driver assistance.,25344,https://trynobi-website-orpin.vercel.app/inventory/2020-honda-accord-sport-038,https://trynobi-website-orpin.vercel.app/vehicles/2020-honda-accord-sport-038.jpg,Used,2020,Honda,Accord,Sport 2.0T,Sedan,46918,Still Night Pearl,Black,2.0L Turbo 4-Cylinder,10-Speed Automatic,FWD,Gasoline,22,32,1HGCV2F31LA901234,H20-0578,8-Inch Touchscreen; Apple CarPlay; Android Auto; Honda Sensing; 19-Inch Alloy Wheels; Dual Exhaust; Sport Pedals,False,25344
2023-hyundai-palisade-sel-039,Used 2023 Hyundai Palisade SEL,"This nearly new 2023 Hyundai Palisade SEL with only 19,437 miles is a premium three-row SUV with outstanding value. The 3.8L V6 provides smooth and responsive power for the whole family. Advanced safety features and a spacious cabin make every trip enjoyable.",41488,https://trynobi-website-orpin.vercel.app/inventory/2023-hyundai-palisade-sel-039,https://trynobi-website-orpin.vercel.app/vehicles/2023-hyundai-palisade-sel-039.jpg,Used,2023,Hyundai,Palisade,SEL,SUV,19437,Hyper White,Gray,3.8L V6,8-Speed Automatic,FWD,Gasoline,19,26,KM8R5DHE8PU012345,H23-0589,12.3-Inch Touchscreen; Blind-Spot View Monitor; Rear Cross-Traffic Alert; Heated Second Row; Apple CarPlay; Android Auto; Third-Row Seating,False,41488
2019-bmw-x3-sdrive30i-040,Used 2019 BMW X3 sDrive30i,This 2019 BMW X3 sDrive30i in Phytonic Blue with Cognac leather is a beautifully appointed luxury compact SUV. The panoramic moonroof floods the cabin with natural light. BMW build quality and driving dynamics in a practical SUV package.,27770,https://trynobi-website-orpin.vercel.app/inventory/2019-bmw-x3-sdrive30i-040,https://trynobi-website-orpin.vercel.app/vehicles/2019-bmw-x3-sdrive30i-040.jpg,Used,2019,BMW,X3,sDrive30i,SUV,60734,Phytonic Blue Metallic,Cognac Vernasca Leather,2.0L Turbo 4-Cylinder,8-Speed Automatic,RWD,Gasoline,25,29,5UXTY3C57KLR12345,B19-0590,iDrive 6.0; 10.25-Inch Display; Panoramic Moonroof; Power Liftgate; Navigation; Heated Front Seats,False,27770
2021-ford-ranger-lariat-041,Used 2021 Ford Ranger Lariat,"This 2021 Ford Ranger Lariat in Cactus Gray is a mid-size truck with big-truck features. The Lariat trim adds leather, B&O audio, and the FX4 Off-Road Package for maximum versatility. The 2.3L EcoBoost and 10-speed auto deliver impressive capability.",32899,https://trynobi-website-orpin.vercel.app/inventory/2021-ford-ranger-lariat-041,https://trynobi-website-orpin.vercel.app/vehicles/2021-ford-ranger-lariat-041.jpg,Used,2021,Ford,Ranger,Lariat,Truck,38716,Cactus Gray,Ebony Leather,2.3L EcoBoost 4-Cylinder,10-Speed Automatic,4WD,Gasoline,21,26,1FTER4FH9MLD23456,F21-0601,8-Inch Touchscreen; SYNC 3; B&O Sound System; Leather Seats; Adaptive Cruise Control; FX4 Off-Road Package; Spray-In Bedliner,False,32899
2018-lexus-is300-fsport-042,Used 2018 Lexus IS 300 F SPORT,This 2018 Lexus IS 300 F SPORT in Ultra White with the stunning Rioja Red interior is a true sports luxury sedan. The adaptive variable suspension and LFA-inspired gauges create an engaging driving experience. Mark Levinson audio delivers audiophile-quality sound.,26215,https://trynobi-website-orpin.vercel.app/inventory/2018-lexus-is300-fsport-042,https://trynobi-website-orpin.vercel.app/vehicles/2018-lexus-is300-fsport-042.jpg,Used,2018,Lexus,IS 300,F SPORT,Sedan,67813,Ultra White,Rioja Red,2.0L Turbo 4-Cylinder,8-Speed Automatic,RWD,Gasoline,22,33,JTHBA1D20J2345678,L18-0612,F SPORT Suspension; 10.3-Inch Display; Mark Levinson Audio; Heated & Ventilated F SPORT Seats; Blind Spot Monitor; LFA-Inspired Gauges,False,26215
2022-kia-sportage-x-line-043,Used 2022 Kia Sportage X-Line,The 2022 Kia Sportage X-Line in Dawning Red features the stunning dual 12.3-inch panoramic displays and bold exterior styling. AWD and the rugged X-Line package add a touch of adventure to this stylish crossover. A low-mileage example with modern tech throughout.,28650,https://trynobi-website-orpin.vercel.app/inventory/2022-kia-sportage-x-line-043,https://trynobi-website-orpin.vercel.app/vehicles/2022-kia-sportage-x-line-043.jpg,Used,2022,Kia,Sportage,X-Line,SUV,27183,Dawning Red,Black,2.5L 4-Cylinder,8-Speed Automatic,AWD,Gasoline,25,32,5XYK6CAF7NG456789,K22-0623,12.3-Inch Dual Panoramic Displays; Apple CarPlay; Android Auto; Blind-Spot View Monitor; Heated Front Seats; X-Line Exterior Styling,False,28650
2020-toyota-tundra-sr5-044,Used 2020 Toyota Tundra SR5,"This 2020 Toyota Tundra SR5 in the sought-after Cement color packs the proven 5.7L V8 with 381 horsepower. The full-size truck is ready to tow up to 10,200 pounds with the factory tow package. Built Toyota tough with legendary reliability.",34488,https://trynobi-website-orpin.vercel.app/inventory/2020-toyota-tundra-sr5-044,https://trynobi-website-orpin.vercel.app/vehicles/2020-toyota-tundra-sr5-044.jpg,Used,2020,Toyota,Tundra,SR5,Truck,51637,Cement,Graphite,5.7L V8,6-Speed Automatic,4WD,Gasoline,13,17,5TFDY5F12LX567890,T20-0634,8-Inch Touchscreen; Apple CarPlay; Toyota Safety Sense P; TRD Off-Road Wheels; Tow Package; LED Headlights,False,34488
2023-nissan-altima-sr-045,Used 2023 Nissan Altima SR,"This 2023 Nissan Altima SR is practically new with only 15,482 miles and a bold Scarlet Ember finish. ProPILOT Assist provides semi-autonomous highway driving capability. The SR trim adds sport-tuned suspension and 19-inch wheels for a dynamic ride.",24715,https://trynobi-website-orpin.vercel.app/inventory/2023-nissan-altima-sr-045,https://trynobi-website-orpin.vercel.app/vehicles/2023-nissan-altima-sr-045.jpg,Used,2023,Nissan,Altima,SR,Sedan,15482,Scarlet Ember Tintcoat,Charcoal Sport Cloth,2.5L 4-Cylinder,CVT,FWD,Gasoline,28,39,1N4BL4FV7PN678901,N23-0645,8-Inch Touchscreen; Apple CarPlay; Android Auto; ProPILOT Assist; Nissan Safety Shield 360; 19-Inch Alloy Wheels,False,24715
2022-honda-civic-exl-cpo-046,Certified Pre-Owned 2022 Honda Civic EX-L,"This Honda Certified Pre-Owned 2022 Civic EX-L has passed a rigorous 182-point inspection and includes an extended warranty. Leather seats, a Bose audio system, and wireless Apple CarPlay elevate the experience. Exceptional fuel economy at 42 MPG highway.",26770,https://trynobi-website-orpin.vercel.app/inventory/2022-honda-civic-exl-cpo-046,https://trynobi-website-orpin.vercel.app/vehicles/2022-honda-civic-exl-cpo-046.jpg,Certified Pre-Owned,2022,Honda,Civic,EX-L,Sedan,24617,Aegean Blue Metallic,Black Leather,1.5L Turbo 4-Cylinder,CVT,FWD,Gasoline,33,42,19XFL1H76NE789012,H22-0701,9-Inch Touchscreen; Wireless Apple CarPlay; Leather Seats; Honda Sensing; Sunroof; Heated Front Seats; Bose Audio,True,26770
2023-toyota-camry-xse-cpo-047,Certified Pre-Owned 2023 Toyota Camry XSE,This Toyota Certified Pre-Owned 2023 Camry XSE in Supersonic Red is the sportiest Camry you can buy. Two-tone red and black leather seats and a JBL audio system create a premium experience. Low miles and backed by Toyota's CPO warranty for total peace of mind.,30715,https://trynobi-website-orpin.vercel.app/inventory/2023-toyota-camry-xse-cpo-047,https://trynobi-website-orpin.vercel.app/vehicles/2023-toyota-camry-xse-cpo-047.jpg,Certified Pre-Owned,2023,Toyota,Camry,XSE,Sedan,17243,Supersonic Red,Black/Red Leather,2.5L 4-Cylinder,8-Speed Automatic,FWD,Gasoline,28,39,4T1K61AK5PU890123,T23-0712,9-Inch Touchscreen; JBL Audio; Panoramic Sunroof; Toyota Safety Sense 2.5+; 19-Inch Alloy Wheels; Dual Exhaust; Leather Sport Seats,True,30715
2022-hyundai-tucson-limited-cpo-048,Certified Pre-Owned 2022 Hyundai Tucson Limited,"This Hyundai Certified Pre-Owned 2022 Tucson Limited is loaded with premium amenities including ventilated seats and a Bose audio system. The 360-degree camera system makes parking effortless. Backed by Hyundai's 10-year/100,000-mile CPO powertrain warranty.",31215,https://trynobi-website-orpin.vercel.app/inventory/2022-hyundai-tucson-limited-cpo-048,https://trynobi-website-orpin.vercel.app/vehicles/2022-hyundai-tucson-limited-cpo-048.jpg,Certified Pre-Owned,2022,Hyundai,Tucson,Limited,SUV,29347,Amazon Gray,Black Leather,2.5L 4-Cylinder,8-Speed Automatic,AWD,Gasoline,26,33,5NMJFDAE1NH901234,H22-0723,10.25-Inch Touchscreen; Bose Audio; Leather Seats; Panoramic Sunroof; 360-Degree Camera; Ventilated Front Seats; Highway Driving Assist,True,31215
2021-toyota-rav4-xle-premium-cpo-049,Certified Pre-Owned 2021 Toyota RAV4 XLE Premium,This Toyota Certified Pre-Owned 2021 RAV4 XLE Premium in the coveted Lunar Rock color is the ideal compact SUV. AWD and Toyota Safety Sense 2.0 provide all-weather confidence. SofTex heated seats and a power sunroof make every commute comfortable.,29744,https://trynobi-website-orpin.vercel.app/inventory/2021-toyota-rav4-xle-premium-cpo-049,https://trynobi-website-orpin.vercel.app/vehicles/2021-toyota-rav4-xle-premium-cpo-049.jpg,Certified Pre-Owned,2021,Toyota,RAV4,XLE Premium,SUV,33819,Lunar Rock,Mocha SofTex,2.5L 4-Cylinder,8-Speed Automatic,AWD,Gasoline,27,35,2T3P1RFV4MC012345,T21-0734,8-Inch Touchscreen; Apple CarPlay; Toyota Safety Sense 2.0; Sunroof; Heated SofTex Seats; Power Liftgate; Blind Spot Monitor,True,29744
2023-honda-cr-v-sport-cpo-050,Certified Pre-Owned 2023 Honda CR-V Sport,"This Honda Certified Pre-Owned 2023 CR-V Sport is nearly new with only 17,843 miles and the redesigned body style. AWD and Honda Sensing provide year-round safety and capability. Passes Honda's rigorous 182-point inspection with an extended warranty included.",33650,https://trynobi-website-orpin.vercel.app/inventory/2023-honda-cr-v-sport-cpo-050,https://trynobi-website-orpin.vercel.app/vehicles/2023-honda-cr-v-sport-cpo-050.jpg,Certified Pre-Owned,2023,Honda,CR-V,Sport,SUV,17843,Urban Gray Pearl,Black,1.5L Turbo 4-Cylinder,CVT,AWD,Gasoline,28,34,7FARS4H69PE123456,H23-0745,9-Inch Touchscreen; Wireless Apple CarPlay; Honda Sensing; Heated Front Seats; Dual-Zone Climate Control; Remote Start; 19-Inch Alloy Wheels,True,33650
2022-toyota-highlander-limited-cpo-051,Certified Pre-Owned 2022 Toyota Highlander Limited,This Toyota Certified Pre-Owned 2022 Highlander Limited in Wind Chill Pearl is a fully loaded three-row luxury SUV. Glazed Caramel leather and JBL audio create a first-class cabin. CPO warranty coverage and low mileage offer exceptional long-term value.,42715,https://trynobi-website-orpin.vercel.app/inventory/2022-toyota-highlander-limited-cpo-051,https://trynobi-website-orpin.vercel.app/vehicles/2022-toyota-highlander-limited-cpo-051.jpg,Certified Pre-Owned,2022,Toyota,Highlander,Limited,SUV,25173,Wind Chill Pearl,Glazed Caramel Leather,3.5L V6,8-Speed Automatic,AWD,Gasoline,21,29,5TDGZRBH9NS234567,T22-0756,12.3-Inch Touchscreen; JBL Audio; Panoramic Moonroof; Premium Leather; 360-Degree Camera; Ventilated Front Seats; Head-Up Display; Third-Row Seating,True,42715
2021-hyundai-sonata-n-line-cpo-052,Certified Pre-Owned 2021 Hyundai Sonata N Line,This Hyundai Certified Pre-Owned 2021 Sonata N Line delivers 290 horsepower from its 2.5-liter turbo engine and 8-speed dual-clutch transmission. Performance Blue paint and sport suspension set it apart from the crowd. A sport sedan with a CPO warranty safety net.,27344,https://trynobi-website-orpin.vercel.app/inventory/2021-hyundai-sonata-n-line-cpo-052,https://trynobi-website-orpin.vercel.app/vehicles/2021-hyundai-sonata-n-line-cpo-052.jpg,Certified Pre-Owned,2021,Hyundai,Sonata,N Line,Sedan,30847,Performance Blue,Black Leather,2.5L Turbo 4-Cylinder,8-Speed DCT,FWD,Gasoline,23,33,5NPC54AF5MH345678,H21-0767,10.25-Inch Touchscreen; Bose Audio; Sport Leather Seats; N Line Sport Suspension; Launch Control; Wireless Apple CarPlay; Blind-Spot Monitor,True,27344
2022-honda-accord-touring-cpo-053,Certified Pre-Owned 2022 Honda Accord Touring,This Honda Certified Pre-Owned 2022 Accord Touring is the flagship trim with every available feature. The 2.0-liter turbo produces 252 horsepower and the 10-speed automatic shifts with precision. A premium sedan experience backed by Honda's CPO warranty.,32344,https://trynobi-website-orpin.vercel.app/inventory/2022-honda-accord-touring-cpo-053,https://trynobi-website-orpin.vercel.app/vehicles/2022-honda-accord-touring-cpo-053.jpg,Certified Pre-Owned,2022,Honda,Accord,Touring,Sedan,21743,Platinum White Pearl,Black Leather,2.0L Turbo 4-Cylinder,10-Speed Automatic,FWD,Gasoline,22,32,1HGCV2F97NA456789,H22-0778,12.3-Inch Touchscreen; Wireless Apple CarPlay; Navigation; Head-Up Display; Ventilated Front Seats; Wireless Charging; Honda Sensing; 19-Inch Alloy Wheels,True,32344
2023-hyundai-santa-fe-sel-cpo-054,Certified Pre-Owned 2023 Hyundai Santa Fe SEL,"This Hyundai Certified Pre-Owned 2023 Santa Fe SEL offers AWD capability and SmartSense safety in a well-equipped midsize SUV. Only 21,073 miles and covered by Hyundai's comprehensive CPO warranty. A smart choice for families seeking value and reliability.",33770,https://trynobi-website-orpin.vercel.app/inventory/2023-hyundai-santa-fe-sel-cpo-054,https://trynobi-website-orpin.vercel.app/vehicles/2023-hyundai-santa-fe-sel-cpo-054.jpg,Certified Pre-Owned,2023,Hyundai,Santa Fe,SEL,SUV,21073,Quartz White,Gray,2.5L 4-Cylinder,8-Speed Automatic,AWD,Gasoline,25,28,5NMS3DAJ6PH567890,H23-0789,8-Inch Touchscreen; Apple CarPlay; Android Auto; SmartSense Safety Suite; Heated Front Seats; Power Liftgate; Blind-Spot Collision-Avoidance,True,33770
2021-toyota-corolla-hatchback-xse-cpo-055,Certified Pre-Owned 2021 Toyota Corolla Hatchback XSE,This Toyota Certified Pre-Owned 2021 Corolla Hatchback XSE in Finish Line Red is a sporty and practical choice. The hatchback design offers versatile cargo space and the XSE trim adds premium touches. Low mileage with Toyota CPO warranty protection included.,23488,https://trynobi-website-orpin.vercel.app/inventory/2021-toyota-corolla-hatchback-xse-cpo-055,https://trynobi-website-orpin.vercel.app/vehicles/2021-toyota-corolla-hatchback-xse-cpo-055.jpg,Certified Pre-Owned,2021,Toyota,Corolla Hatchback,XSE,Sedan,29413,Finish Line Red,Black,2.0L 4-Cylinder,CVT,FWD,Gasoline,30,38,JTNA4MBE6M3678901,T21-0790,8-Inch Touchscreen; Apple CarPlay; Android Auto; Toyota Safety Sense 2.0; 18-Inch Alloy Wheels; LED Headlights; Qi Wireless Charging,True,23488
